VASELINA MINERAL,1470102,https://www.marypaint.com/2887-thickbox_default/aceite-de-vaselina-250ml.jpg
VISERA COVID,1430288,https://www.recambiosaranda.es/server/Portal_0003955/img/products/covid-19-visera-protectora-pantalla-facial-basic_9351093.jpg
TRAJE PONCHO DE AGUA,1401083,https://soldiers.es/WebRoot/Store8/Shops/a1768223-cead-4d7c-b1a4-3243d5160563/56BA/546C/C1AB/B8E0/641C/0A48/3523/1250/38104.jpg
TRAJE PONCHO DE AGUA,1401083,https://soldiers.es/WebRoot/Store8/Shops/a1768223-cead-4d7c-b1a4-3243d5160563/56BA/546C/C1AB/B8E0/641C/0A48/3523/1250/38104.jpg
Cordones de silicona,500040,https://m.media-amazon.com/images/I/71nhFUcocHL._AC_UX385_.jpg
CUADRADILLO NEOPRENO ESPONJOSO CON ADHESIVO,503001,https://riegosyplasticosalvarez.com/1890/cuadradillo-neopreno-esponjoso-con-adhesivo.jpg
CUADRADILLO EPDM ESPONJOSO SIN ADHESIVO,503201,https://mendata.com/Imagenes/Productos/Producto_19856.jpg
Contera redonda interior,1230112,https://www.unionferretera.com/5973-large_default/contera-interior-redonda.jpg
VASELINA MINERAL S-743,1470102,https://www.silmid.com/Images/Product/Default/large/Nyco_65_Vaseline_Various.png
VISERA COVID NO ANTIPACTO,1430288,https://www.recambiosaranda.es/server/Portal_0003955/img/products/covid-19-visera-protectora-pantalla-facial-basic_9351093.jpg
ABRAZADERAS nylon,1203016,https://www.cablecel.com/wp-content/uploads/2018/07/abrazadera.jpg
TACO ABRAZADERA,1203030,https://www.climabit.com/3951-large_default/abrazadera-plastica-simple-22-mm-con-taco.jpg
